elapsed, window, n, min, mean, median, 95th, 99th, 99_9th, max, errors
10.001279, 10.001279, 72367, 574, 2454.2, 2012, 5233, 7406, 10787, 65518, 0
20.001181, 9.999902, 79225, 536, 2159.6, 1781, 4588, 6515, 9838, 15022, 0
30.001161, 9.99998, 86633, 536, 1979.7, 1613, 4267, 6289, 8920, 16160, 0
40.001219, 10.000058, 87195, 531, 1951.8, 1581, 4264, 6399, 9182, 19541, 0
50.001134, 9.999915, 87609, 502, 1944.6, 1612, 4067, 5996, 10042, 16284, 0
60.001189, 10.000055, 88614, 524, 1941.8, 1580, 4226, 6087, 10089, 17684, 0
61.029745, 1.028556, 6603, 524, 1902.8, 1553, 4127, 6072, 10077, 17684, 0
