elapsed, window, total, successful, failed
10.001279, 10.001279, 79333, 79333, 0
20.001181, 9.999902, 87131, 87131, 0
30.001161, 9.99998, 95320, 95320, 0
40.001219, 10.000058, 96026, 96026, 0
50.001134, 9.999915, 96365, 96365, 0
60.001189, 10.000055, 97436, 97436, 0
61.029745, 1.028556, 7547, 7547, 0
