elapsed, window, n, min, mean, median, 95th, 99th, 99_9th, max, errors
10.001279, 10.001279, 6966, 1265, 4048.7, 3583, 7678, 10172, 14055, 15875, 0
20.001181, 9.999902, 7906, 1217, 3450.5, 3019, 6463, 8428, 12399, 15875, 0
30.001161, 9.99998, 8687, 1217, 3177.1, 2721, 6033, 8448, 12463, 16355, 0
40.001219, 10.000058, 8831, 1315, 3196.1, 2728, 6227, 8903, 11742, 19549, 0
50.001134, 9.999915, 8756, 1310, 3167.0, 2718, 6037, 8723, 13244, 17623, 0
60.001189, 10.000055, 8822, 1372, 3148.3, 2670, 6063, 8239, 13402, 17715, 0
61.029745, 1.028556, 944, 1372, 3082.7, 2627, 5946, 8231, 13395, 17715, 0
