elapsed, window, n, min, mean, median, 95th, 99th, 99_9th, max, errors
10.000737, 10.000737, 75834, 587, 2319.2, 1895, 4967, 7185, 9946, 58906, 0
20.001725, 10.000988, 90519, 552, 1903.2, 1571, 4042, 5958, 9054, 16379, 0
30.001784, 10.000059, 94879, 535, 1776.4, 1487, 3673, 5853, 8660, 16379, 0
40.001803, 10.000019, 85658, 528, 1980.2, 1618, 4269, 6298, 9124, 17419, 0
50.001758, 9.999955, 89997, 523, 1898.3, 1566, 4083, 5961, 9340, 14822, 0
60.001768, 10.00001, 89024, 535, 1909.3, 1561, 4137, 6178, 10094, 14679, 0
61.030393, 1.028625, 6490, 497, 1894.9, 1559, 4059, 6134, 9970, 14679, 0
