elapsed, window, total, successful, failed
10.000737, 10.000737, 83160, 83160, 0
20.001725, 10.000988, 99499, 99499, 0
30.001784, 10.000059, 104454, 104454, 0
40.001803, 10.000019, 94336, 94336, 0
50.001758, 9.999955, 98875, 98875, 0
60.001768, 10.00001, 98038, 98038, 0
61.030393, 1.028625, 7375, 7375, 0
