elapsed, window, n, min, mean, median, 95th, 99th, 99_9th, max, errors
10.000737, 10.000737, 7326, 1432, 3922.4, 3494, 7427, 9665, 13127, 15027, 0
20.001725, 10.000988, 8980, 1321, 3195.4, 2786, 5900, 7980, 13007, 17197, 0
30.001784, 10.000059, 9575, 1280, 2958.5, 2568, 5515, 8157, 13781, 17197, 0
40.001803, 10.000019, 8678, 1280, 3269.2, 2797, 6141, 8461, 11753, 18272, 0
50.001758, 9.999955, 8878, 1323, 3100.9, 2663, 5955, 8192, 11534, 14801, 0
60.001768, 10.00001, 9014, 1337, 3121.9, 2660, 6045, 8779, 12656, 14410, 0
61.030393, 1.028625, 885, 1337, 3078.9, 2642, 5851, 8656, 12656, 14410, 0
