elapsed,  window, 0, 0, 0 
10.000737,  10.000737, 162493, 162493, 0 
20.001725,  10.000988, 186630, 186630, 0 
30.001784,  10.000059, 199774, 199774, 0 
40.001803,  10.000019, 190362, 190362, 0 
50.001758,  9.999955, 195240, 195240, 0 
60.001768,  10.00001, 195474, 195474, 0 
61.030393,  1.028625, 14922, 14922, 0 
